id,name,model_id/id,group_id/id,perm_read,perm_write,perm_create,perm_unlink
access_discuss_hub_social_network_type,discuss_hub Social Network Type Access,model_discuss_hub_social_network_type,discuss_hub.group_discuss_hub_user,1,1,1,1
access_discuss_hub.connector,discuss_hub Connector Access,discuss_hub.model_discuss_hub_connector,discuss_hub.group_discuss_hub_user,1,1,1,1
access_discuss_hub.connector_public,discuss_hub Connector Public Read,discuss_hub.model_discuss_hub_connector,discuss_hub.group_discuss_hub_user,1,0,0,0
access_discuss_hub.connector_status_modal,discuss_hub Start / Status Modal,discuss_hub.model_discuss_hub_connector_status,discuss_hub.group_discuss_hub_user,1,1,1,1
access_discuss_hub.routing_manager,discuss_hub Routing Manager / Forward,discuss_hub.model_discuss_hub_routing_manager,discuss_hub.group_discuss_hub_user,1,1,1,1
access_discuss_hub.archive_manager,discuss_hub Archive Manager / Forward,discuss_hub.model_discuss_hub_archive_manager,discuss_hub.group_discuss_hub_user,1,1,1,1
access_discuss_hub.routing_team,discuss_hub Routing Team,discuss_hub.model_discuss_hub_routing_team,discuss_hub.group_discuss_hub_user,1,1,1,1
access_discuss_hub.routing_team_member,discuss_hub Routing Team Member,discuss_hub.model_discuss_hub_routing_team_member,discuss_hub.group_discuss_hub_user,1,1,1,1
access_discuss_hub.bot_manager,discuss_hub Bot Manager,discuss_hub.model_discuss_hub_bot_manager,discuss_hub.group_discuss_hub_user,1,1,1,1
